{
  "images": [
    {
      "width": 32,
      "height": 32,
      "id": 0,
      "file_name": "images\/0e113e92-image_0.png"
    },
    {
      "width": 32,
      "height": 32,
      "id": 1,
      "file_name": "images\/a4935c12-image_1.png"
    },
    {
      "width": 32,
      "height": 32,
      "id": 2,
      "file_name": "images\/ac6c71c2-image_2.png"
    },
    {
      "width": 32,
      "height": 32,
      "id": 3,
      "file_name": "images\/a8f97248-image_3.png"
    },
    {
      "width": 32,
      "height": 32,
      "id": 4,
      "file_name": "images\/0c7f2171-image_4.png"
    },
    {
      "width": 32,
      "height": 32,
      "id": 5,
      "file_name": "images\/97c468dd-image_5.png"
    },
    {
      "width": 32,
      "height": 32,
      "id": 6,
      "file_name": "images\/72c5531e-image_6.png"
    },
    {
      "width": 32,
      "height": 32,
      "id": 7,
      "file_name": "images\/a045838f-image_7.png"
    },
    {
      "width": 32,
      "height": 32,
      "id": 8,
      "file_name": "images\/f7dcea3b-image_8.png"
    },
    {
      "width": 32,
      "height": 32,
      "id": 9,
      "file_name": "images\/948ec751-image_9.png"
    },
    {
      "width": 32,
      "height": 32,
      "id": 10,
      "file_name": "images\/9376a2a5-image_10.png"
    },
    {
      "width": 32,
      "height": 32,
      "id": 11,
      "file_name": "images\/de85d6dc-image_11.png"
    },
    {
      "width": 32,
      "height": 32,
      "id": 12,
      "file_name": "images\/7f520c90-image_12.png"
    },
    {
      "width": 32,
      "height": 32,
      "id": 13,
      "file_name": "images\/f1fb768a-image_13.png"
    },
    {
      "width": 32,
      "height": 32,
      "id": 14,
      "file_name": "images\/99e45c05-image_14.png"
    },
    {
      "width": 32,
      "height": 32,
      "id": 15,
      "file_name": "images\/55a0a4ee-image_15.png"
    },
    {
      "width": 32,
      "height": 32,
      "id": 16,
      "file_name": "images\/c98bed1a-image_16.png"
    },
    {
      "width": 32,
      "height": 32,
      "id": 17,
      "file_name": "images\/9d78ea7d-image_17.png"
    },
    {
      "width": 32,
      "height": 32,
      "id": 18,
      "file_name": "images\/5c7d09b1-image_18.png"
    },
    {
      "width": 32,
      "height": 32,
      "id": 19,
      "file_name": "images\/2f5fea04-image_19.png"
    },
    {
      "width": 32,
      "height": 32,
      "id": 20,
      "file_name": "images\/cd301acc-image_20.png"
    },
    {
      "width": 32,
      "height": 32,
      "id": 21,
      "file_name": "images\/e253a6ca-image_21.png"
    },
    {
      "width": 32,
      "height": 32,
      "id": 22,
      "file_name": "images\/137e0909-image_22.png"
    },
    {
      "width": 32,
      "height": 32,
      "id": 23,
      "file_name": "images\/151d1aff-image_23.png"
    },
    {
      "width": 32,
      "height": 32,
      "id": 24,
      "file_name": "images\/cb8a7390-image_24.png"
    },
    {
      "width": 32,
      "height": 32,
      "id": 25,
      "file_name": "images\/b96ffdec-image_25.png"
    },
    {
      "width": 32,
      "height": 32,
      "id": 26,
      "file_name": "images\/0cf0d336-image_26.png"
    },
    {
      "width": 32,
      "height": 32,
      "id": 27,
      "file_name": "images\/5fef4873-image_27.png"
    },
    {
      "width": 32,
      "height": 32,
      "id": 28,
      "file_name": "images\/6f0394e4-image_28.png"
    },
    {
      "width": 32,
      "height": 32,
      "id": 29,
      "file_name": "images\/bd2f65ca-image_29.png"
    },
    {
      "width": 32,
      "height": 32,
      "id": 30,
      "file_name": "images\/9932f8f9-image_30.png"
    },
    {
      "width": 32,
      "height": 32,
      "id": 31,
      "file_name": "images\/127346e3-image_31.png"
    },
    {
      "width": 32,
      "height": 32,
      "id": 32,
      "file_name": "images\/de461cdc-image_32.png"
    },
    {
      "width": 32,
      "height": 32,
      "id": 33,
      "file_name": "images\/29ccaa84-image_33.png"
    },
    {
      "width": 32,
      "height": 32,
      "id": 34,
      "file_name": "images\/3400258c-image_34.png"
    },
    {
      "width": 32,
      "height": 32,
      "id": 35,
      "file_name": "images\/917709c1-image_35.png"
    },
    {
      "width": 32,
      "height": 32,
      "id": 36,
      "file_name": "images\/394fbe94-image_36.png"
    },
    {
      "width": 32,
      "height": 32,
      "id": 37,
      "file_name": "images\/3593a0e6-image_37.png"
    },
    {
      "width": 32,
      "height": 32,
      "id": 38,
      "file_name": "images\/1bb253f5-image_38.png"
    },
    {
      "width": 32,
      "height": 32,
      "id": 39,
      "file_name": "images\/1f82b4d0-image_39.png"
    },
    {
      "width": 32,
      "height": 32,
      "id": 40,
      "file_name": "images\/7b0dd8b7-image_40.png"
    },
    {
      "width": 32,
      "height": 32,
      "id": 41,
      "file_name": "images\/b79ab99e-image_41.png"
    },
    {
      "width": 32,
      "height": 32,
      "id": 42,
      "file_name": "images\/f3dd64c4-image_42.png"
    },
    {
      "width": 32,
      "height": 32,
      "id": 43,
      "file_name": "images\/36d597f4-image_43.png"
    },
    {
      "width": 32,
      "height": 32,
      "id": 44,
      "file_name": "images\/a6e542fd-image_44.png"
    },
    {
      "width": 32,
      "height": 32,
      "id": 45,
      "file_name": "images\/d1826ac6-image_45.png"
    },
    {
      "width": 32,
      "height": 32,
      "id": 46,
      "file_name": "images\/625ebc3d-image_46.png"
    },
    {
      "width": 32,
      "height": 32,
      "id": 47,
      "file_name": "images\/104c54d3-image_47.png"
    },
    {
      "width": 32,
      "height": 32,
      "id": 48,
      "file_name": "images\/c4522b36-image_48.png"
    },
    {
      "width": 32,
      "height": 32,
      "id": 49,
      "file_name": "images\/eaaf2fd0-image_49.png"
    },
    {
      "width": 32,
      "height": 32,
      "id": 50,
      "file_name": "images\/5d846d16-image_50.png"
    },
    {
      "width": 32,
      "height": 32,
      "id": 51,
      "file_name": "images\/61030a4c-image_51.png"
    },
    {
      "width": 32,
      "height": 32,
      "id": 52,
      "file_name": "images\/de9340a1-image_52.png"
    },
    {
      "width": 32,
      "height": 32,
      "id": 53,
      "file_name": "images\/c5d8352d-image_53.png"
    },
    {
      "width": 32,
      "height": 32,
      "id": 54,
      "file_name": "images\/5d1a0076-image_54.png"
    },
    {
      "width": 32,
      "height": 32,
      "id": 55,
      "file_name": "images\/6aba7482-image_55.png"
    },
    {
      "width": 32,
      "height": 32,
      "id": 56,
      "file_name": "images\/9f2f17d8-image_56.png"
    },
    {
      "width": 32,
      "height": 32,
      "id": 57,
      "file_name": "images\/3665c244-image_57.png"
    },
    {
      "width": 32,
      "height": 32,
      "id": 58,
      "file_name": "images\/7067a907-image_58.png"
    },
    {
      "width": 32,
      "height": 32,
      "id": 59,
      "file_name": "images\/f4675e5e-image_59.png"
    },
    {
      "width": 32,
      "height": 32,
      "id": 60,
      "file_name": "images\/17c8dc9b-image_60.png"
    },
    {
      "width": 32,
      "height": 32,
      "id": 61,
      "file_name": "images\/ec982e6a-image_61.png"
    },
    {
      "width": 32,
      "height": 32,
      "id": 62,
      "file_name": "images\/90a58470-image_62.png"
    },
    {
      "width": 32,
      "height": 32,
      "id": 63,
      "file_name": "images\/a77c1157-image_63.png"
    },
    {
      "width": 32,
      "height": 32,
      "id": 64,
      "file_name": "images\/6bc5adf4-image_64.png"
    },
    {
      "width": 32,
      "height": 32,
      "id": 65,
      "file_name": "images\/ab47696c-image_65.png"
    },
    {
      "width": 32,
      "height": 32,
      "id": 66,
      "file_name": "images\/174c82c6-image_66.png"
    },
    {
      "width": 32,
      "height": 32,
      "id": 67,
      "file_name": "images\/c0a434eb-image_67.png"
    },
    {
      "width": 32,
      "height": 32,
      "id": 68,
      "file_name": "images\/ad24bdb2-image_68.png"
    },
    {
      "width": 32,
      "height": 32,
      "id": 69,
      "file_name": "images\/2fead716-image_69.png"
    },
    {
      "width": 32,
      "height": 32,
      "id": 70,
      "file_name": "images\/66d29c42-image_70.png"
    },
    {
      "width": 32,
      "height": 32,
      "id": 71,
      "file_name": "images\/e39e6d24-image_71.png"
    },
    {
      "width": 32,
      "height": 32,
      "id": 72,
      "file_name": "images\/ff399a81-image_72.png"
    },
    {
      "width": 32,
      "height": 32,
      "id": 73,
      "file_name": "images\/535a76cc-image_73.png"
    },
    {
      "width": 32,
      "height": 32,
      "id": 74,
      "file_name": "images\/28531a7e-image_74.png"
    },
    {
      "width": 32,
      "height": 32,
      "id": 75,
      "file_name": "images\/c8d303ec-image_75.png"
    },
    {
      "width": 32,
      "height": 32,
      "id": 76,
      "file_name": "images\/a5cc8457-image_76.png"
    },
    {
      "width": 32,
      "height": 32,
      "id": 77,
      "file_name": "images\/e5fb5b92-image_77.png"
    },
    {
      "width": 32,
      "height": 32,
      "id": 78,
      "file_name": "images\/b6e9c480-image_78.png"
    },
    {
      "width": 32,
      "height": 32,
      "id": 79,
      "file_name": "images\/11f12e4b-image_79.png"
    },
    {
      "width": 32,
      "height": 32,
      "id": 80,
      "file_name": "images\/3b0b5c56-image_80.png"
    },
    {
      "width": 32,
      "height": 32,
      "id": 81,
      "file_name": "images\/6311abd7-image_81.png"
    },
    {
      "width": 32,
      "height": 32,
      "id": 82,
      "file_name": "images\/0e78751f-image_82.png"
    },
    {
      "width": 32,
      "height": 32,
      "id": 83,
      "file_name": "images\/a9d008ad-image_83.png"
    },
    {
      "width": 32,
      "height": 32,
      "id": 84,
      "file_name": "images\/275245cf-image_84.png"
    },
    {
      "width": 32,
      "height": 32,
      "id": 85,
      "file_name": "images\/abc4bf85-image_85.png"
    },
    {
      "width": 32,
      "height": 32,
      "id": 86,
      "file_name": "images\/d2e4dd4f-image_86.png"
    },
    {
      "width": 32,
      "height": 32,
      "id": 87,
      "file_name": "images\/3a46c6cf-image_87.png"
    },
    {
      "width": 32,
      "height": 32,
      "id": 88,
      "file_name": "images\/17bd6925-image_88.png"
    },
    {
      "width": 32,
      "height": 32,
      "id": 89,
      "file_name": "images\/8ca6ddcb-image_89.png"
    },
    {
      "width": 32,
      "height": 32,
      "id": 90,
      "file_name": "images\/032372ac-image_90.png"
    },
    {
      "width": 32,
      "height": 32,
      "id": 91,
      "file_name": "images\/c9a4c2fe-image_91.png"
    },
    {
      "width": 32,
      "height": 32,
      "id": 92,
      "file_name": "images\/1c1ae724-image_92.png"
    },
    {
      "width": 32,
      "height": 32,
      "id": 93,
      "file_name": "images\/4dd455b0-image_93.png"
    },
    {
      "width": 32,
      "height": 32,
      "id": 94,
      "file_name": "images\/589f8214-image_94.png"
    },
    {
      "width": 32,
      "height": 32,
      "id": 95,
      "file_name": "images\/05f21322-image_95.png"
    },
    {
      "width": 32,
      "height": 32,
      "id": 96,
      "file_name": "images\/04d4c453-image_96.png"
    },
    {
      "width": 32,
      "height": 32,
      "id": 97,
      "file_name": "images\/2a064812-image_97.png"
    },
    {
      "width": 32,
      "height": 32,
      "id": 98,
      "file_name": "images\/d3bd9742-image_98.png"
    },
    {
      "width": 32,
      "height": 32,
      "id": 99,
      "file_name": "images\/a270a7a0-image_99.png"
    }
  ],
  "categories": [
    {
      "id": 0,
      "name": "Circle"
    },
    {
      "id": 1,
      "name": "Square"
    }
  ],
  "annotations": [
    {
      "id": 0,
      "image_id": 0,
      "category_id": 1,
      "segmentation": [],
      "bbox": [
        9.435897435897434,
        15.552447552447532,
        11.412587412587419,
        11.039627039627016
      ],
      "ignore": 0,
      "iscrowd": 0,
      "area": 125.99070859210698
    },
    {
      "id": 1,
      "image_id": 1,
      "category_id": 0,
      "segmentation": [],
      "bbox": [
        2.8344988344988344,
        4.251748251748252,
        17.52913752913753,
        18.424242424242422
      ],
      "ignore": 0,
      "iscrowd": 0,
      "area": 322.9610793247156
    },
    {
      "id": 2,
      "image_id": 1,
      "category_id": 1,
      "segmentation": [],
      "bbox": [
        20.885780885780886,
        18.386946386946388,
        10.219114219114218,
        9.771561771561771
      ],
      "ignore": 0,
      "iscrowd": 0,
      "area": 99.8567058427198
    },
    {
      "id": 3,
      "image_id": 2,
      "category_id": 0,
      "segmentation": [],
      "bbox": [
        14.918414918414918,
        10.890442890442891,
        13.314685314685319,
        13.314685314685311
      ],
      "ignore": 0,
      "iscrowd": 0,
      "area": 177.28084502909678
    },
    {
      "id": 4,
      "image_id": 2,
      "category_id": 1,
      "segmentation": [],
      "bbox": [
        8.913752913752914,
        18.237762237762237,
        12.158508158508157,
        11.673659673659676
      ],
      "ignore": 0,
      "iscrowd": 0,
      "area": 141.93428638183886
    },
    {
      "id": 5,
      "image_id": 4,
      "category_id": 1,
      "segmentation": [],
      "bbox": [
        18.471351890459093,
        10.325012082359187,
        12.40895947512893,
        12.077422389915561
      ],
      "ignore": 0,
      "iscrowd": 0,
      "area": 149.86824500047697
    },
    {
      "id": 6,
      "image_id": 4,
      "category_id": 1,
      "segmentation": [],
      "bbox": [
        8.241064689589443,
        19.4659631460992,
        12.172147271405095,
        12.408959475128931
      ],
      "ignore": 0,
      "iscrowd": 0,
      "area": 151.043682216167
    },
    {
      "id": 7,
      "image_id": 5,
      "category_id": 0,
      "segmentation": [],
      "bbox": [
        5.407925407925408,
        15.477855477855478,
        14.135198135198134,
        13.948717948717949
      ],
      "ignore": 0,
      "iscrowd": 0,
      "area": 197.1678919371227
    },
    {
      "id": 8,
      "image_id": 6,
      "category_id": 0,
      "segmentation": [],
      "bbox": [
        16.522144522144522,
        16.522144522144522,
        12.046620046620045,
        11.934731934731936
      ],
      "ignore": 0,
      "iscrowd": 0,
      "area": 143.77318097597816
    },
    {
      "id": 9,
      "image_id": 7,
      "category_id": 0,
      "segmentation": [],
      "bbox": [
        7.720279720279721,
        18.05128205128205,
        13.389277389277389,
        12.97902097902098
      ],
      "ignore": 0,
      "iscrowd": 0,
      "area": 173.77971212936248
    },
    {
      "id": 10,
      "image_id": 7,
      "category_id": 1,
      "segmentation": [],
      "bbox": [
        22.37762237762238,
        15.664335664335665,
        9.585081585081584,
        10.815850815850816
      ],
      "ignore": 0,
      "iscrowd": 0,
      "area": 103.67081248200128
    },
    {
      "id": 11,
      "image_id": 8,
      "category_id": 1,
      "segmentation": [],
      "bbox": [
        17.342657342657343,
        18.34965034965035,
        11.337995337995334,
        11.412587412587413
      ],
      "ignore": 0,
      "iscrowd": 0,
      "area": 129.3958628783803
    },
    {
      "id": 12,
      "image_id": 9,
      "category_id": 1,
      "segmentation": [],
      "bbox": [
        13.128205128205128,
        10.107226107226108,
        6.414918414918415,
        6.601398601398599
      ],
      "ignore": 0,
      "iscrowd": 0,
      "area": 42.347433452328545
    },
    {
      "id": 13,
      "image_id": 9,
      "category_id": 1,
      "segmentation": [],
      "bbox": [
        21.482517482517483,
        20.289044289044288,
        8.988344988344988,
        9.100233100233101
      ],
      "ignore": 0,
      "iscrowd": 0,
      "area": 81.79603457925137
    },
    {
      "id": 14,
      "image_id": 10,
      "category_id": 0,
      "segmentation": [],
      "bbox": [
        4.55011655011655,
        4.400932400932401,
        16.410256410256412,
        15.216783216783215
      ],
      "ignore": 0,
      "iscrowd": 0,
      "area": 249.71131432669895
    },
    {
      "id": 15,
      "image_id": 10,
      "category_id": 0,
      "segmentation": [],
      "bbox": [
        6.228438228438227,
        19.72960372960373,
        9.174825174825177,
        7.571095571095566
      ],
      "ignore": 0,
      "iscrowd": 0,
      "area": 69.463478246695
    },
    {
      "id": 16,
      "image_id": 11,
      "category_id": 0,
      "segmentation": [],
      "bbox": [
        5.034965034965035,
        8.652680652680653,
        16.96969696969697,
        17.491841491841498
      ],
      "ignore": 0,
      "iscrowd": 0,
      "area": 296.83124955852236
    },
    {
      "id": 17,
      "image_id": 12,
      "category_id": 0,
      "segmentation": [],
      "bbox": [
        2.6107226107226107,
        13.24009324009324,
        11.561771561771561,
        12.195804195804197
      ],
      "ignore": 0,
      "iscrowd": 0,
      "area": 141.00510212398325
    },
    {
      "id": 18,
      "image_id": 13,
      "category_id": 0,
      "segmentation": [],
      "bbox": [
        14.694638694638694,
        12.680652680652681,
        17.305361305361306,
        17.529137529137525
      ],
      "ignore": 0,
      "iscrowd": 0,
      "area": 303.3480583130932
    },
    {
      "id": 19,
      "image_id": 14,
      "category_id": 0,
      "segmentation": [],
      "bbox": [
        3.9160839160839163,
        20.177156177156178,
        9.324009324009323,
        8.839160839160838
      ],
      "ignore": 0,
      "iscrowd": 0,
      "area": 82.41641808075373
    },
    {
      "id": 20,
      "image_id": 15,
      "category_id": 1,
      "segmentation": [],
      "bbox": [
        14.321678321678322,
        12.12121212121212,
        12.717948717948719,
        12.419580419580418
      ],
      "ignore": 0,
      "iscrowd": 0,
      "area": 157.9515868746638
    },
    {
      "id": 21,
      "image_id": 15,
      "category_id": 1,
      "segmentation": [],
      "bbox": [
        21.70629370629371,
        23.31002331002331,
        7.906759906759903,
        8.317016317016314
      ],
      "ignore": 0,
      "iscrowd": 0,
      "area": 65.7606511592525
    },
    {
      "id": 22,
      "image_id": 16,
      "category_id": 1,
      "segmentation": [],
      "bbox": [
        8.167832167832168,
        16.96969696969697,
        12.38228438228438,
        12.68065268065268
      ],
      "ignore": 0,
      "iscrowd": 0,
      "area": 157.01544764481824
    },
    {
      "id": 23,
      "image_id": 16,
      "category_id": 1,
      "segmentation": [],
      "bbox": [
        17.52913752913753,
        12.195804195804193,
        12.643356643356642,
        12.494172494172494
      ],
      "ignore": 0,
      "iscrowd": 0,
      "area": 157.96827880743962
    },
    {
      "id": 24,
      "image_id": 17,
      "category_id": 1,
      "segmentation": [],
      "bbox": [
        12.382284382284384,
        10.181818181818182,
        7.2727272727272725,
        7.459207459207461
      ],
      "ignore": 0,
      "iscrowd": 0,
      "area": 54.2487815215088
    },
    {
      "id": 25,
      "image_id": 17,
      "category_id": 1,
      "segmentation": [],
      "bbox": [
        17.37995337995338,
        23.235431235431232,
        12.046620046620045,
        8.764568764568766
      ],
      "ignore": 0,
      "iscrowd": 0,
      "area": 105.58342977923398
    },
    {
      "id": 26,
      "image_id": 17,
      "category_id": 1,
      "segmentation": [],
      "bbox": [
        22.303030303030305,
        18.386946386946388,
        8.391608391608388,
        8.130536130536129
      ],
      "ignore": 0,
      "iscrowd": 0,
      "area": 68.22827522128217
    },
    {
      "id": 27,
      "image_id": 18,
      "category_id": 1,
      "segmentation": [],
      "bbox": [
        17.902097902097903,
        12.046620046620045,
        7.048951048951048,
        6.937062937062936
      ],
      "ignore": 0,
      "iscrowd": 0,
      "area": 48.89901706684922
    },
    {
      "id": 28,
      "image_id": 19,
      "category_id": 0,
      "segmentation": [],
      "bbox": [
        2.6853146853146854,
        13.277389277389277,
        15.328671328671328,
        15.85081585081585
      ],
      "ignore": 0,
      "iscrowd": 0,
      "area": 242.97194646844994
    },
    {
      "id": 29,
      "image_id": 20,
      "category_id": 1,
      "segmentation": [],
      "bbox": [
        12.30769230769231,
        13.687645687645688,
        8.391608391608393,
        6.974358974358973
      ],
      "ignore": 0,
      "iscrowd": 0,
      "area": 58.52608929532006
    },
    {
      "id": 30,
      "image_id": 20,
      "category_id": 0,
      "segmentation": [],
      "bbox": [
        10.48018648018648,
        3.3939393939393936,
        13.76223776223776,
        13.016317016317016
      ],
      "ignore": 0,
      "iscrowd": 0,
      "area": 179.13364956721597
    },
    {
      "id": 31,
      "image_id": 20,
      "category_id": 0,
      "segmentation": [],
      "bbox": [
        10.293706293706293,
        18.08857808857809,
        14.20979020979021,
        12.531468531468532
      ],
      "ignore": 0,
      "iscrowd": 0,
      "area": 178.06953885275564
    },
    {
      "id": 32,
      "image_id": 21,
      "category_id": 1,
      "segmentation": [],
      "bbox": [
        13.24009324009324,
        11.18881118881119,
        10.405594405594405,
        10.480186480186479
      ],
      "ignore": 0,
      "iscrowd": 0,
      "area": 109.05256980781454
    },
    {
      "id": 33,
      "image_id": 22,
      "category_id": 1,
      "segmentation": [],
      "bbox": [
        21.07226107226107,
        14.0979020979021,
        10.927738927738929,
        12.867132867132867
      ],
      "ignore": 0,
      "iscrowd": 0,
      "area": 140.60866872055684
    },
    {
      "id": 34,
      "image_id": 22,
      "category_id": 0,
      "segmentation": [],
      "bbox": [
        7.981351981351981,
        12.941724941724942,
        12.083916083916083,
        11.26340326340326
      ],
      "ignore": 0,
      "iscrowd": 0,
      "area": 136.10601985427155
    },
    {
      "id": 35,
      "image_id": 23,
      "category_id": 0,
      "segmentation": [],
      "bbox": [
        13.613053613053612,
        1.4210854715202004e-16,
        15.4032634032634,
        15.999999999999998
      ],
      "ignore": 0,
      "iscrowd": 0,
      "area": 246.45221445221438
    },
    {
      "id": 36,
      "image_id": 23,
      "category_id": 1,
      "segmentation": [],
      "bbox": [
        24.167832167832167,
        9.51048951048951,
        7.645687645687649,
        11.33799533799534
      ],
      "ignore": 0,
      "iscrowd": 0,
      "area": 86.68677088257513
    },
    {
      "id": 37,
      "image_id": 24,
      "category_id": 1,
      "segmentation": [],
      "bbox": [
        20.923076923076923,
        22.116550116550115,
        8.951048951048952,
        8.764568764568766
      ],
      "ignore": 0,
      "iscrowd": 0,
      "area": 78.45208404648966
    },
    {
      "id": 38,
      "image_id": 25,
      "category_id": 0,
      "segmentation": [],
      "bbox": [
        18.163170163170165,
        18.72261072261072,
        9.883449883449883,
        9.585081585081584
      ],
      "ignore": 0,
      "iscrowd": 0,
      "area": 94.7336734749322
    },
    {
      "id": 39,
      "image_id": 25,
      "category_id": 1,
      "segmentation": [],
      "bbox": [
        14.918414918414918,
        13.986013986013987,
        11.002331002331005,
        10.703962703962702
      ],
      "ignore": 0,
      "iscrowd": 0,
      "area": 117.76854070560364
    },
    {
      "id": 40,
      "image_id": 26,
      "category_id": 1,
      "segmentation": [],
      "bbox": [
        18.2004662004662,
        13.165501165501166,
        12.941724941724942,
        12.568764568764566
      ],
      "ignore": 0,
      "iscrowd": 0,
      "area": 162.66149390624912
    },
    {
      "id": 41,
      "image_id": 26,
      "category_id": 0,
      "segmentation": [],
      "bbox": [
        13.836829836829839,
        16.522144522144522,
        11.93473193473193,
        12.456876456876458
      ],
      "ignore": 0,
      "iscrowd": 0,
      "area": 148.6694812568938
    },
    {
      "id": 42,
      "image_id": 27,
      "category_id": 0,
      "segmentation": [],
      "bbox": [
        9.846153846153847,
        14.321678321678322,
        13.986013986013987,
        14.396270396270399
      ],
      "ignore": 0,
      "iscrowd": 0,
      "area": 201.34643910867692
    },
    {
      "id": 43,
      "image_id": 28,
      "category_id": 0,
      "segmentation": [],
      "bbox": [
        12.233100233100233,
        7.869463869463869,
        12.606060606060606,
        13.128205128205128
      ],
      "ignore": 0,
      "iscrowd": 0,
      "area": 165.49494949494948
    },
    {
      "id": 44,
      "image_id": 29,
      "category_id": 1,
      "segmentation": [],
      "bbox": [
        12.97902097902098,
        17.044289044289044,
        7.944055944055944,
        7.720279720279722
      ],
      "ignore": 0,
      "iscrowd": 0,
      "area": 61.330334001662685
    },
    {
      "id": 45,
      "image_id": 29,
      "category_id": 1,
      "segmentation": [],
      "bbox": [
        17.976689976689975,
        7.981351981351981,
        8.951048951048953,
        8.876456876456878
      ],
      "ignore": 0,
      "iscrowd": 0,
      "area": 79.45360001304061
    },
    {
      "id": 46,
      "image_id": 29,
      "category_id": 1,
      "segmentation": [],
      "bbox": [
        16.2983682983683,
        24.205128205128208,
        9.51048951048951,
        7.794871794871792
      ],
      "ignore": 0,
      "iscrowd": 0,
      "area": 74.13304644073872
    },
    {
      "id": 47,
      "image_id": 30,
      "category_id": 1,
      "segmentation": [],
      "bbox": [
        24.466200466200466,
        13.277389277389277,
        7.533799533799534,
        11.561771561771563
      ],
      "ignore": 0,
      "iscrowd": 0,
      "area": 87.1040692019713
    },
    {
      "id": 48,
      "image_id": 30,
      "category_id": 1,
      "segmentation": [],
      "bbox": [
        15.03030303030303,
        12.233100233100233,
        7.5710955710955705,
        7.944055944055944
      ],
      "ignore": 0,
      "iscrowd": 0,
      "area": 60.1452067745774
    },
    {
      "id": 49,
      "image_id": 30,
      "category_id": 0,
      "segmentation": [],
      "bbox": [
        5.743589743589744,
        7.757575757575758,
        15.030303030303033,
        15.850815850815854
      ],
      "ignore": 0,
      "iscrowd": 0,
      "area": 238.24256551529288
    },
    {
      "id": 50,
      "image_id": 31,
      "category_id": 1,
      "segmentation": [],
      "bbox": [
        9.398601398601398,
        19.804195804195803,
        10.368298368298365,
        9.808857808857809
      ],
      "ignore": 0,
      "iscrowd": 0,
      "area": 101.7011644144511
    },
    {
      "id": 51,
      "image_id": 31,
      "category_id": 0,
      "segmentation": [],
      "bbox": [
        8.242424242424244,
        11.636363636363635,
        8.578088578088579,
        8.503496503496505
      ],
      "ignore": 0,
      "iscrowd": 0,
      "area": 72.94374623045954
    },
    {
      "id": 52,
      "image_id": 32,
      "category_id": 1,
      "segmentation": [],
      "bbox": [
        8.876456876456876,
        22.899766899766902,
        10.554778554778554,
        9.1002331002331
      ],
      "ignore": 0,
      "iscrowd": 0,
      "area": 96.05094516982628
    },
    {
      "id": 53,
      "image_id": 32,
      "category_id": 1,
      "segmentation": [],
      "bbox": [
        15.216783216783217,
        18.05128205128205,
        12.531468531468528,
        12.71794871794872
      ],
      "ignore": 0,
      "iscrowd": 0,
      "area": 159.3745741438049
    },
    {
      "id": 54,
      "image_id": 33,
      "category_id": 0,
      "segmentation": [],
      "bbox": [
        2.013986013986014,
        16.000000000000004,
        16.223776223776223,
        15.738927738927739
      ],
      "ignore": 0,
      "iscrowd": 0,
      "area": 255.34484163854793
    },
    {
      "id": 55,
      "image_id": 33,
      "category_id": 0,
      "segmentation": [],
      "bbox": [
        18.34965034965035,
        17.67832167832168,
        11.5990675990676,
        13.538461538461538
      ],
      "ignore": 0,
      "iscrowd": 0,
      "area": 157.03353057199212
    },
    {
      "id": 56,
      "image_id": 34,
      "category_id": 1,
      "segmentation": [],
      "bbox": [
        8.764568764568764,
        11.076923076923077,
        9.025641025641026,
        8.801864801864804
      ],
      "ignore": 0,
      "iscrowd": 0,
      "area": 79.44247205785669
    },
    {
      "id": 57,
      "image_id": 34,
      "category_id": 1,
      "segmentation": [],
      "bbox": [
        19.095571095571096,
        14.284382284382284,
        6.564102564102568,
        6.414918414918418
      ],
      "ignore": 0,
      "iscrowd": 0,
      "area": 42.10818241587477
    },
    {
      "id": 58,
      "image_id": 35,
      "category_id": 1,
      "segmentation": [],
      "bbox": [
        9.1002331002331,
        23.08624708624709,
        11.449883449883451,
        8.91375291375291
      ],
      "ignore": 0,
      "iscrowd": 0,
      "area": 102.06143196352984
    },
    {
      "id": 59,
      "image_id": 35,
      "category_id": 1,
      "segmentation": [],
      "bbox": [
        12.233100233100233,
        19.02097902097902,
        8.764568764568764,
        8.652680652680656
      ],
      "ignore": 0,
      "iscrowd": 0,
      "area": 75.83701457827335
    },
    {
      "id": 60,
      "image_id": 36,
      "category_id": 1,
      "segmentation": [],
      "bbox": [
        18.834498834498834,
        18.797202797202797,
        10.92773892773893,
        10.89044289044289
      ],
      "ignore": 0,
      "iscrowd": 0,
      "area": 119.00791671421044
    },
    {
      "id": 61,
      "image_id": 37,
      "category_id": 1,
      "segmentation": [],
      "bbox": [
        10.032634032634032,
        20.96037296037296,
        8.801864801864802,
        8.689976689976689
      ],
      "ignore": 0,
      "iscrowd": 0,
      "area": 76.48799995653143
    },
    {
      "id": 62,
      "image_id": 37,
      "category_id": 1,
      "segmentation": [],
      "bbox": [
        21.18414918414918,
        23.04895104895105,
        7.75757575757576,
        7.645687645687644
      ],
      "ignore": 0,
      "iscrowd": 0,
      "area": 59.312001130182956
    },
    {
      "id": 63,
      "image_id": 38,
      "category_id": 0,
      "segmentation": [],
      "bbox": [
        3.766899766899767,
        4.624708624708624,
        11.860139860139862,
        11.449883449883451
      ],
      "ignore": 0,
      "iscrowd": 0,
      "area": 135.79721909791843
    },
    {
      "id": 64,
      "image_id": 39,
      "category_id": 1,
      "segmentation": [],
      "bbox": [
        15.179487179487177,
        15.365967365967368,
        11.63636363636364,
        11.412587412587408
      ],
      "ignore": 0,
      "iscrowd": 0,
      "area": 132.80101716465353
    },
    {
      "id": 65,
      "image_id": 39,
      "category_id": 1,
      "segmentation": [],
      "bbox": [
        18.424242424242426,
        12.27039627039627,
        12.270396270396269,
        12.531468531468533
      ],
      "ignore": 0,
      "iscrowd": 0,
      "area": 153.7660847311197
    },
    {
      "id": 66,
      "image_id": 40,
      "category_id": 0,
      "segmentation": [],
      "bbox": [
        2.9463869463869456,
        11.114219114219116,
        15.738927738927739,
        15.104895104895107
      ],
      "ignore": 0,
      "iscrowd": 0,
      "area": 237.7348525600274
    },
    {
      "id": 67,
      "image_id": 41,
      "category_id": 0,
      "segmentation": [],
      "bbox": [
        4.8857808857808855,
        7.421911421911421,
        13.351981351981353,
        14.620046620046619
      ],
      "ignore": 0,
      "iscrowd": 0,
      "area": 195.20658983596047
    },
    {
      "id": 68,
      "image_id": 42,
      "category_id": 0,
      "segmentation": [],
      "bbox": [
        0.11188811188811189,
        0.6713286713286714,
        17.193473193473196,
        18.125874125874123
      ],
      "ignore": 0,
      "iscrowd": 0,
      "area": 311.64673089148613
    },
    {
      "id": 69,
      "image_id": 42,
      "category_id": 1,
      "segmentation": [],
      "bbox": [
        19.990675990675992,
        10.778554778554778,
        12.009324009324008,
        12.083916083916082
      ],
      "ignore": 0,
      "iscrowd": 0,
      "area": 145.11966355322994
    },
    {
      "id": 70,
      "image_id": 43,
      "category_id": 0,
      "segmentation": [],
      "bbox": [
        9.435897435897436,
        17.902097902097903,
        12.158508158508157,
        11.412587412587408
      ],
      "ignore": 0,
      "iscrowd": 0,
      "area": 138.7600371656315
    },
    {
      "id": 71,
      "image_id": 44,
      "category_id": 0,
      "segmentation": [],
      "bbox": [
        10.778554778554776,
        13.836829836829839,
        12.046620046620044,
        11.412587412587413
      ],
      "ignore": 0,
      "iscrowd": 0,
      "area": 137.4831043082791
    },
    {
      "id": 72,
      "image_id": 44,
      "category_id": 0,
      "segmentation": [],
      "bbox": [
        14.993006993006993,
        7.011655011655011,
        11.151515151515154,
        10.965034965034963
      ],
      "ignore": 0,
      "iscrowd": 0,
      "area": 122.27675354948083
    },
    {
      "id": 73,
      "image_id": 45,
      "category_id": 0,
      "segmentation": [],
      "bbox": [
        14.396270396270396,
        4.699300699300699,
        9.995337995337993,
        9.249417249417249
      ],
      "ignore": 0,
      "iscrowd": 0,
      "area": 92.45105166783486
    },
    {
      "id": 74,
      "image_id": 45,
      "category_id": 1,
      "segmentation": [],
      "bbox": [
        19.990675990675992,
        24.09324009324009,
        6.787878787878783,
        6.601398601398601
      ],
      "ignore": 0,
      "iscrowd": 0,
      "area": 44.809493536766226
    },
    {
      "id": 75,
      "image_id": 46,
      "category_id": 1,
      "segmentation": [],
      "bbox": [
        21.034965034965033,
        21.07226107226107,
        10.965034965034965,
        10.927738927738929
      ],
      "ignore": 0,
      "iscrowd": 0,
      "area": 119.82303943143106
    },
    {
      "id": 76,
      "image_id": 46,
      "category_id": 0,
      "segmentation": [],
      "bbox": [
        13.986013986013987,
        7.384615384615384,
        9.137529137529135,
        9.995337995337996
      ],
      "ignore": 0,
      "iscrowd": 0,
      "area": 91.332692171853
    },
    {
      "id": 77,
      "image_id": 47,
      "category_id": 1,
      "segmentation": [],
      "bbox": [
        20.84848484848485,
        20.065268065268064,
        6.899766899766896,
        6.713286713286712
      ],
      "ignore": 0,
      "iscrowd": 0,
      "area": 46.32011345298055
    },
    {
      "id": 78,
      "image_id": 48,
      "category_id": 0,
      "segmentation": [],
      "bbox": [
        15.29137529137529,
        11.599067599067599,
        12.009324009324008,
        11.710955710955714
      ],
      "ignore": 0,
      "iscrowd": 0,
      "area": 140.64066159171057
    },
    {
      "id": 79,
      "image_id": 49,
      "category_id": 1,
      "segmentation": [],
      "bbox": [
        11.71095571095571,
        14.0979020979021,
        11.337995337995338,
        10.592074592074589
      ],
      "ignore": 0,
      "iscrowd": 0,
      "area": 120.09289234464056
    },
    {
      "id": 80,
      "image_id": 50,
      "category_id": 1,
      "segmentation": [],
      "bbox": [
        15.216783216783217,
        17.678321678321677,
        12.568764568764566,
        12.270396270396272
      ],
      "ignore": 0,
      "iscrowd": 0,
      "area": 154.22372188805755
    },
    {
      "id": 81,
      "image_id": 50,
      "category_id": 0,
      "segmentation": [],
      "bbox": [
        8.988344988344988,
        2.7599067599067597,
        17.006993006993007,
        15.999999999999998
      ],
      "ignore": 0,
      "iscrowd": 0,
      "area": 272.11188811188805
    },
    {
      "id": 82,
      "image_id": 51,
      "category_id": 0,
      "segmentation": [],
      "bbox": [
        19.28205128205128,
        16.26107226107226,
        9.846153846153845,
        10.853146853146852
      ],
      "ignore": 0,
      "iscrowd": 0,
      "area": 106.86175363098437
    },
    {
      "id": 83,
      "image_id": 52,
      "category_id": 1,
      "segmentation": [],
      "bbox": [
        20.81118881118881,
        15.85081585081585,
        9.100233100233105,
        8.876456876456876
      ],
      "ignore": 0,
      "iscrowd": 0,
      "area": 80.77782667992462
    },
    {
      "id": 84,
      "image_id": 53,
      "category_id": 1,
      "segmentation": [],
      "bbox": [
        15.627039627039629,
        12.30769230769231,
        11.11421911421911,
        11.300699300699298
      ],
      "ignore": 0,
      "iscrowd": 0,
      "area": 125.59844817187467
    },
    {
      "id": 85,
      "image_id": 54,
      "category_id": 1,
      "segmentation": [],
      "bbox": [
        12.941724941724942,
        16.85780885780886,
        7.198135198135199,
        6.899766899766901
      ],
      "ignore": 0,
      "iscrowd": 0,
      "area": 49.665454980140304
    },
    {
      "id": 86,
      "image_id": 55,
      "category_id": 0,
      "segmentation": [],
      "bbox": [
        9.65967365967366,
        3.5431235431235435,
        13.613053613053616,
        13.128205128205128
      ],
      "ignore": 0,
      "iscrowd": 0,
      "area": 178.71496025342182
    },
    {
      "id": 87,
      "image_id": 56,
      "category_id": 1,
      "segmentation": [],
      "bbox": [
        9.995337995337996,
        17.23076923076923,
        13.351981351981353,
        9.846153846153845
      ],
      "ignore": 0,
      "iscrowd": 0,
      "area": 131.46566254258562
    },
    {
      "id": 88,
      "image_id": 56,
      "category_id": 1,
      "segmentation": [],
      "bbox": [
        11.002331002331003,
        8.951048951048952,
        10.85314685314685,
        10.21911421911422
      ],
      "ignore": 0,
      "iscrowd": 0,
      "area": 110.90954732912772
    },
    {
      "id": 89,
      "image_id": 57,
      "category_id": 0,
      "segmentation": [],
      "bbox": [
        13.128205128205128,
        15.738927738927739,
        8.205128205128203,
        9.100233100233101
      ],
      "ignore": 0,
      "iscrowd": 0,
      "area": 74.66857928396388
    },
    {
      "id": 90,
      "image_id": 57,
      "category_id": 1,
      "segmentation": [],
      "bbox": [
        16.149184149184148,
        13.128205128205128,
        7.75757575757576,
        7.682983682983681
      ],
      "ignore": 0,
      "iscrowd": 0,
      "area": 59.601327964964334
    },
    {
      "id": 91,
      "image_id": 58,
      "category_id": 0,
      "segmentation": [],
      "bbox": [
        5.557109557109558,
        0.6713286713286714,
        16.522144522144522,
        15.850815850815852
      ],
      "ignore": 0,
      "iscrowd": 0,
      "area": 261.8894702810787
    },
    {
      "id": 92,
      "image_id": 59,
      "category_id": 0,
      "segmentation": [],
      "bbox": [
        5.10955710955711,
        0.9324009324009324,
        16.559440559440556,
        14.918414918414921
      ],
      "ignore": 0,
      "iscrowd": 0,
      "area": 247.04060508256313
    },
    {
      "id": 93,
      "image_id": 59,
      "category_id": 0,
      "segmentation": [],
      "bbox": [
        8.093240093240093,
        12.083916083916083,
        17.193473193473192,
        16.037296037296038
      ],
      "ignore": 0,
      "iscrowd": 0,
      "area": 275.73681951304326
    },
    {
      "id": 94,
      "image_id": 60,
      "category_id": 0,
      "segmentation": [],
      "bbox": [
        10.703962703962704,
        15.58974358974359,
        9.54778554778555,
        9.585081585081584
      ],
      "ignore": 0,
      "iscrowd": 0,
      "area": 91.51630343238736
    },
    {
      "id": 95,
      "image_id": 61,
      "category_id": 0,
      "segmentation": [],
      "bbox": [
        20.065268065268064,
        5.818181818181818,
        9.54778554778555,
        9.808857808857809
      ],
      "ignore": 0,
      "iscrowd": 0,
      "area": 93.65287082769602
    },
    {
      "id": 96,
      "image_id": 61,
      "category_id": 1,
      "segmentation": [],
      "bbox": [
        23.944055944055943,
        18.013986013986013,
        8.055944055944055,
        7.5710955710955705
      ],
      "ignore": 0,
      "iscrowd": 0,
      "area": 60.99232236295172
    },
    {
      "id": 97,
      "image_id": 62,
      "category_id": 1,
      "segmentation": [],
      "bbox": [
        24.055944055944057,
        12.867132867132867,
        7.944055944055944,
        8.764568764568764
      ],
      "ignore": 0,
      "iscrowd": 0,
      "area": 69.62622459125956
    },
    {
      "id": 98,
      "image_id": 63,
      "category_id": 1,
      "segmentation": [],
      "bbox": [
        10.032634032634032,
        7.8321678321678325,
        7.720279720279721,
        7.757575757575756
      ],
      "ignore": 0,
      "iscrowd": 0,
      "area": 59.890654799745704
    },
    {
      "id": 99,
      "image_id": 63,
      "category_id": 1,
      "segmentation": [],
      "bbox": [
        13.277389277389277,
        14.097902097902097,
        9.734265734265731,
        9.95804195804196
      ],
      "ignore": 0,
      "iscrowd": 0,
      "area": 96.93422661254829
    },
    {
      "id": 100,
      "image_id": 64,
      "category_id": 1,
      "segmentation": [],
      "bbox": [
        13.24009324009324,
        11.263403263403264,
        12.233100233100233,
        12.344988344988348
      ],
      "ignore": 0,
      "iscrowd": 0,
      "area": 151.0174798006966
    },
    {
      "id": 101,
      "image_id": 64,
      "category_id": 1,
      "segmentation": [],
      "bbox": [
        24.167832167832167,
        21.482517482517483,
        7.832167832167833,
        9.025641025641026
      ],
      "ignore": 0,
      "iscrowd": 0,
      "area": 70.69033530571993
    },
    {
      "id": 102,
      "image_id": 65,
      "category_id": 0,
      "segmentation": [],
      "bbox": [
        9.137529137529137,
        13.128205128205128,
        19.543123543123542,
        18.871794871794872
      ],
      "ignore": 0,
      "iscrowd": 0,
      "area": 368.81381865997247
    },
    {
      "id": 103,
      "image_id": 66,
      "category_id": 1,
      "segmentation": [],
      "bbox": [
        17.641025641025642,
        15.477855477855476,
        12.382284382284384,
        12.195804195804193
      ],
      "ignore": 0,
      "iscrowd": 0,
      "area": 151.01191582310463
    },
    {
      "id": 104,
      "image_id": 67,
      "category_id": 0,
      "segmentation": [],
      "bbox": [
        5.7808857808857805,
        12.606060606060602,
        12.82983682983683,
        13.911421911421913
      ],
      "ignore": 0,
      "iscrowd": 0,
      "area": 178.48127319455995
    },
    {
      "id": 105,
      "image_id": 67,
      "category_id": 0,
      "segmentation": [],
      "bbox": [
        18.34965034965035,
        14.135198135198134,
        10.778554778554778,
        11.337995337995338
      ],
      "ignore": 0,
      "iscrowd": 0,
      "area": 122.20720382958145
    },
    {
      "id": 106,
      "image_id": 68,
      "category_id": 1,
      "segmentation": [],
      "bbox": [
        8.018648018648019,
        8.988344988344988,
        6.862470862470864,
        6.675990675990678
      ],
      "ignore": 0,
      "iscrowd": 0,
      "area": 45.8137914921132
    },
    {
      "id": 107,
      "image_id": 68,
      "category_id": 0,
      "segmentation": [],
      "bbox": [
        17.044289044289044,
        14.284382284382284,
        12.97902097902098,
        14.060606060606062
      ],
      "ignore": 0,
      "iscrowd": 0,
      "area": 182.49290103835563
    },
    {
      "id": 108,
      "image_id": 68,
      "category_id": 1,
      "segmentation": [],
      "bbox": [
        22.19114219114219,
        22.75058275058275,
        9.771561771561773,
        9.249417249417247
      ],
      "ignore": 0,
      "iscrowd": 0,
      "area": 90.38125200362961
    },
    {
      "id": 109,
      "image_id": 69,
      "category_id": 1,
      "segmentation": [],
      "bbox": [
        16.111888111888113,
        22.34032634032634,
        8.913752913752914,
        8.42890442890443
      ],
      "ignore": 0,
      "iscrowd": 0,
      "area": 75.1331714128917
    },
    {
      "id": 110,
      "image_id": 70,
      "category_id": 1,
      "segmentation": [],
      "bbox": [
        22.004662004662006,
        24.876456876456878,
        9.995337995337996,
        7.123543123543122
      ],
      "ignore": 0,
      "iscrowd": 0,
      "area": 71.20222124417928
    },
    {
      "id": 111,
      "image_id": 70,
      "category_id": 0,
      "segmentation": [],
      "bbox": [
        12.531468531468532,
        17.49184149184149,
        13.426573426573427,
        13.426573426573427
      ],
      "ignore": 0,
      "iscrowd": 0,
      "area": 180.27287397916768
    },
    {
      "id": 112,
      "image_id": 71,
      "category_id": 1,
      "segmentation": [],
      "bbox": [
        18.983682983682986,
        20.251748251748253,
        8.167832167832167,
        7.235431235431236
      ],
      "ignore": 0,
      "iscrowd": 0,
      "area": 59.09778799289288
    },
    {
      "id": 113,
      "image_id": 71,
      "category_id": 0,
      "segmentation": [],
      "bbox": [
        8.503496503496503,
        6.526806526806528,
        14.470862470862471,
        13.575757575757574
      ],
      "ignore": 0,
      "iscrowd": 0,
      "area": 196.45292081655717
    },
    {
      "id": 114,
      "image_id": 72,
      "category_id": 0,
      "segmentation": [],
      "bbox": [
        7.421911421911421,
        2.2004662004662006,
        18.946386946386944,
        16.335664335664333
      ],
      "ignore": 0,
      "iscrowd": 0,
      "area": 309.5018175297895
    },
    {
      "id": 115,
      "image_id": 72,
      "category_id": 1,
      "segmentation": [],
      "bbox": [
        23.75757575757576,
        21.818181818181817,
        7.086247086247081,
        6.78787878787879
      ],
      "ignore": 0,
      "iscrowd": 0,
      "area": 48.10058628240444
    },
    {
      "id": 116,
      "image_id": 73,
      "category_id": 0,
      "segmentation": [],
      "bbox": [
        3.244755244755245,
        1.8275058275058276,
        17.081585081585082,
        16.671328671328673
      ],
      "ignore": 0,
      "iscrowd": 0,
      "area": 284.7727191223695
    },
    {
      "id": 117,
      "image_id": 73,
      "category_id": 0,
      "segmentation": [],
      "bbox": [
        13.762237762237765,
        9.36130536130536,
        12.30769230769231,
        13.836829836829839
      ],
      "ignore": 0,
      "iscrowd": 0,
      "area": 170.29944414559804
    },
    {
      "id": 118,
      "image_id": 74,
      "category_id": 1,
      "segmentation": [],
      "bbox": [
        14.993006993006993,
        14.247086247086248,
        13.090909090909092,
        12.494172494172494
      ],
      "ignore": 0,
      "iscrowd": 0,
      "area": 163.56007628734903
    },
    {
      "id": 119,
      "image_id": 74,
      "category_id": 0,
      "segmentation": [],
      "bbox": [
        16.074592074592076,
        6.787878787878787,
        8.988344988344986,
        9.435897435897436
      ],
      "ignore": 0,
      "iscrowd": 0,
      "area": 84.81310142848602
    },
    {
      "id": 120,
      "image_id": 75,
      "category_id": 0,
      "segmentation": [],
      "bbox": [
        13.389277389277385,
        3.170163170163168,
        15.776223776223748,
        16.074592074592076
      ],
      "ignore": 0,
      "iscrowd": 0,
      "area": 253.59636168027734
    },
    {
      "id": 121,
      "image_id": 76,
      "category_id": 0,
      "segmentation": [],
      "bbox": [
        6.265734265734266,
        17.305361305361306,
        16.223776223776223,
        14.694638694638694
      ],
      "ignore": 0,
      "iscrowd": 0,
      "area": 238.40252987106132
    },
    {
      "id": 122,
      "image_id": 76,
      "category_id": 0,
      "segmentation": [],
      "bbox": [
        13.277389277389277,
        7.496503496503497,
        14.396270396270396,
        13.836829836829839
      ],
      "ignore": 0,
      "iscrowd": 0,
      "area": 199.19874375818435
    },
    {
      "id": 123,
      "image_id": 77,
      "category_id": 0,
      "segmentation": [],
      "bbox": [
        2.0512820512820493,
        2.498834498834499,
        15.962703962703962,
        17.603729603729604
      ],
      "ignore": 0,
      "iscrowd": 0,
      "area": 281.0031243038236
    },
    {
      "id": 124,
      "image_id": 77,
      "category_id": 1,
      "segmentation": [],
      "bbox": [
        15.888111888111888,
        9.324009324009324,
        12.82983682983683,
        11.15151515151515
      ],
      "ignore": 0,
      "iscrowd": 0,
      "area": 143.0721197993925
    },
    {
      "id": 125,
      "image_id": 78,
      "category_id": 1,
      "segmentation": [],
      "bbox": [
        9.92074592074592,
        8.913752913752912,
        12.829836829836827,
        12.68065268065268
      ],
      "ignore": 0,
      "iscrowd": 0,
      "area": 162.69070478860684
    },
    {
      "id": 126,
      "image_id": 79,
      "category_id": 1,
      "segmentation": [],
      "bbox": [
        8.018648018648019,
        20.065268065268064,
        11.748251748251747,
        11.934731934731936
      ],
      "ignore": 0,
      "iscrowd": 0,
      "area": 140.21223531713042
    },
    {
      "id": 127,
      "image_id": 80,
      "category_id": 1,
      "segmentation": [],
      "bbox": [
        11.86013986013986,
        20.214452214452216,
        8.988344988344991,
        8.39160839160839
      ],
      "ignore": 0,
      "iscrowd": 0,
      "area": 75.42667123086704
    },
    {
      "id": 128,
      "image_id": 81,
      "category_id": 0,
      "segmentation": [],
      "bbox": [
        3.132867132867133,
        15.552447552447552,
        15.291375291375289,
        15.925407925407926
      ],
      "ignore": 0,
      "iscrowd": 0,
      "area": 243.52138925565495
    },
    {
      "id": 129,
      "image_id": 82,
      "category_id": 1,
      "segmentation": [],
      "bbox": [
        17.044289044289044,
        20.96037296037296,
        7.906759906759907,
        8.055944055944055
      ],
      "ignore": 0,
      "iscrowd": 0,
      "area": 63.696415472639245
    },
    {
      "id": 130,
      "image_id": 83,
      "category_id": 1,
      "segmentation": [],
      "bbox": [
        21.407925407925408,
        9.473193473193474,
        10.59207459207459,
        13.687645687645691
      ],
      "ignore": 0,
      "iscrowd": 0,
      "area": 144.98056411343126
    },
    {
      "id": 131,
      "image_id": 84,
      "category_id": 0,
      "segmentation": [],
      "bbox": [
        9.846153846153847,
        17.641025641025642,
        10.890442890442891,
        11.636363636363637
      ],
      "ignore": 0,
      "iscrowd": 0,
      "area": 126.72515363424455
    },
    {
      "id": 132,
      "image_id": 84,
      "category_id": 1,
      "segmentation": [],
      "bbox": [
        20.289044289044288,
        19.953379953379955,
        8.130536130536129,
        7.235431235431236
      ],
      "ignore": 0,
      "iscrowd": 0,
      "area": 58.82793507968332
    },
    {
      "id": 133,
      "image_id": 85,
      "category_id": 1,
      "segmentation": [],
      "bbox": [
        15.104895104895103,
        11.412587412587413,
        11.86013986013986,
        11.449883449883448
      ],
      "ignore": 0,
      "iscrowd": 0,
      "area": 135.79721909791837
    },
    {
      "id": 134,
      "image_id": 85,
      "category_id": 0,
      "segmentation": [],
      "bbox": [
        9.696969696969697,
        8.764568764568764,
        8.764568764568763,
        9.47319347319347
      ],
      "ignore": 0,
      "iscrowd": 0,
      "area": 83.02845561586815
    },
    {
      "id": 135,
      "image_id": 86,
      "category_id": 1,
      "segmentation": [],
      "bbox": [
        13.016317016317016,
        15.29137529137529,
        10.741258741258743,
        10.069930069930072
      ],
      "ignore": 0,
      "iscrowd": 0,
      "area": 108.16372438750065
    },
    {
      "id": 136,
      "image_id": 87,
      "category_id": 1,
      "segmentation": [],
      "bbox": [
        12.941724941724942,
        9.92074592074592,
        12.30769230769231,
        12.12121212121212
      ],
      "ignore": 0,
      "iscrowd": 0,
      "area": 149.1841491841492
    },
    {
      "id": 137,
      "image_id": 88,
      "category_id": 1,
      "segmentation": [],
      "bbox": [
        9.137529137529137,
        9.846153846153847,
        11.785547785547788,
        11.599067599067599
      ],
      "ignore": 0,
      "iscrowd": 0,
      "area": 136.70136545661023
    },
    {
      "id": 138,
      "image_id": 88,
      "category_id": 0,
      "segmentation": [],
      "bbox": [
        4.624708624708624,
        19.505827505827504,
        8.95104895104895,
        9.95804195804196
      ],
      "ignore": 0,
      "iscrowd": 0,
      "area": 89.13492102303292
    },
    {
      "id": 139,
      "image_id": 89,
      "category_id": 0,
      "segmentation": [],
      "bbox": [
        3.953379953379953,
        12.680652680652681,
        12.531468531468532,
        11.822843822843822
      ],
      "ignore": 0,
      "iscrowd": 0,
      "area": 148.15759531843446
    },
    {
      "id": 140,
      "image_id": 89,
      "category_id": 0,
      "segmentation": [],
      "bbox": [
        17.230769230769234,
        1.7529137529137526,
        13.501165501165554,
        15.589743589743575
      ],
      "ignore": 0,
      "iscrowd": 0,
      "area": 210.4797083258628
    },
    {
      "id": 141,
      "image_id": 90,
      "category_id": 1,
      "segmentation": [],
      "bbox": [
        10.853146853146855,
        15.03030303030303,
        9.920745920745922,
        9.80885780885781
      ],
      "ignore": 0,
      "iscrowd": 0,
      "area": 97.31118609440291
    },
    {
      "id": 142,
      "image_id": 91,
      "category_id": 1,
      "segmentation": [],
      "bbox": [
        15.365967365967368,
        18.237762237762237,
        6.452214452214448,
        6.564102564102568
      ],
      "ignore": 0,
      "iscrowd": 0,
      "area": 42.35299742992051
    },
    {
      "id": 143,
      "image_id": 91,
      "category_id": 0,
      "segmentation": [],
      "bbox": [
        11.673659673659674,
        18.05128205128205,
        8.503496503496503,
        8.951048951048952
      ],
      "ignore": 0,
      "iscrowd": 0,
      "area": 76.11521345787081
    },
    {
      "id": 144,
      "image_id": 92,
      "category_id": 1,
      "segmentation": [],
      "bbox": [
        12.792540792540793,
        22.78787878787879,
        8.167832167832168,
        8.018648018648019
      ],
      "ignore": 0,
      "iscrowd": 0,
      "area": 65.49497122923697
    },
    {
      "id": 145,
      "image_id": 93,
      "category_id": 0,
      "segmentation": [],
      "bbox": [
        8.951048951048946,
        11.114219114219095,
        18.275058275058285,
        15.291375291375282
      ],
      "ignore": 0,
      "iscrowd": 0,
      "area": 279.4507745556696
    },
    {
      "id": 146,
      "image_id": 93,
      "category_id": 1,
      "segmentation": [],
      "bbox": [
        11.375291375291376,
        9.324009324009324,
        12.382284382284384,
        10.778554778554776
      ],
      "ignore": 0,
      "iscrowd": 0,
      "area": 133.46313049809552
    },
    {
      "id": 147,
      "image_id": 94,
      "category_id": 1,
      "segmentation": [],
      "bbox": [
        15.664335664335665,
        20.84848484848485,
        12.307692307692307,
        11.15151515151515
      ],
      "ignore": 0,
      "iscrowd": 0,
      "area": 137.24941724941723
    },
    {
      "id": 148,
      "image_id": 94,
      "category_id": 1,
      "segmentation": [],
      "bbox": [
        21.85547785547785,
        24.466200466200466,
        9.80885780885781,
        7.533799533799534
      ],
      "ignore": 0,
      "iscrowd": 0,
      "area": 73.89796838747888
    },
    {
      "id": 149,
      "image_id": 95,
      "category_id": 1,
      "segmentation": [],
      "bbox": [
        22.825174825174827,
        20.027972027972027,
        9.174825174825173,
        11.972027972027972
      ],
      "ignore": 0,
      "iscrowd": 0,
      "area": 109.8412636314734
    },
    {
      "id": 150,
      "image_id": 95,
      "category_id": 0,
      "segmentation": [],
      "bbox": [
        3.132867132867133,
        11.487179487179487,
        12.904428904428904,
        14.20979020979021
      ],
      "ignore": 0,
      "iscrowd": 0,
      "area": 183.36922750908766
    },
    {
      "id": 151,
      "image_id": 96,
      "category_id": 1,
      "segmentation": [],
      "bbox": [
        7.608391608391608,
        12.941724941724944,
        12.867132867132868,
        10.890442890442891
      ],
      "ignore": 0,
      "iscrowd": 0,
      "area": 140.1287756532512
    },
    {
      "id": 152,
      "image_id": 96,
      "category_id": 0,
      "segmentation": [],
      "bbox": [
        12.158508158508159,
        4.848484848484849,
        11.972027972027984,
        12.41958041958042
      ],
      "ignore": 0,
      "iscrowd": 0,
      "area": 148.68756418406784
    },
    {
      "id": 153,
      "image_id": 97,
      "category_id": 1,
      "segmentation": [],
      "bbox": [
        16.745920745920728,
        16.745920745920735,
        13.389277389277403,
        13.277389277389263
      ],
      "ignore": 0,
      "iscrowd": 0,
      "area": 177.7746480403823
    },
    {
      "id": 154,
      "image_id": 97,
      "category_id": 1,
      "segmentation": [],
      "bbox": [
        23.123543123543122,
        13.016317016317016,
        6.78787878787879,
        6.862470862470864
      ],
      "ignore": 0,
      "iscrowd": 0,
      "area": 46.58162039980224
    },
    {
      "id": 155,
      "image_id": 98,
      "category_id": 1,
      "segmentation": [],
      "bbox": [
        8.727272727272727,
        14.806526806526806,
        11.972027972027977,
        12.009324009324011
      ],
      "ignore": 0,
      "iscrowd": 0,
      "area": 143.77596296477424
    },
    {
      "id": 156,
      "image_id": 99,
      "category_id": 1,
      "segmentation": [],
      "bbox": [
        7.981351981351981,
        14.0979020979021,
        12.867132867132868,
        12.680652680652678
      ],
      "ignore": 0,
      "iscrowd": 0,
      "area": 163.1636428839226
    }
  ],
  "info": {
    "year": 2024,
    "version": "1.0",
    "description": "",
    "contributor": "Label Studio",
    "url": "",
    "date_created": "2024-07-05 13:57:02.658832"
  }
}